{"tr_acc": [0.7559885591705399, 0.9604933857704684, 0.9783696818019306, 0.9883804075795495, 0.995709688952449, 0.9992849481587415, 0.996245977833393, 0.9839113335716839, 0.981944941008223, 0.993385770468359, 0.9910618519842689, 0.9939220593493028, 0.9987486592777977, 1.0, 1.0, 1.0, 1.0, 1.0, 1.0, 1.0, 1.0, 1.0, 1.0, 1.0, 1.0, 1.0, 1.0, 1.0, 1.0, 1.0], "vl_acc": [0.9356683345246605, 0.9328091493924232, 0.9556826304503216, 0.9428162973552537, 0.9606862044317369, 0.9664045746962115, 0.9492494639027877, 0.9335239456754825, 0.9349535382416011, 0.9578270192994996, 0.956397426733381, 0.9692637598284489, 0.9656897784131523, 0.9742673338098642, 0.9735525375268048, 0.9749821300929236, 0.9749821300929236, 0.9749821300929236, 0.9756969263759828, 0.9764117226590422, 0.9756969263759828, 0.9764117226590422, 0.9764117226590422, 0.9771265189421015, 0.9771265189421015, 0.9778413152251608, 0.9778413152251608, 0.9778413152251608, 0.9771265189421015, 0.9778413152251608], "tr_loss": [0.897434134221435, 0.12877310928613916, 0.06550051993665458, 0.03968758513957187, 0.018442066132201198, 0.004256168135062585, 0.017760710414703156, 0.05028935664086671, 0.051883740684075474, 0.023818281300358308, 0.026790455660310266, 0.02203497939465403, 0.006194319646635875, 0.0005595097168376241, 0.00021132201351103675, 0.00011016849879860244, 7.598667346724134e-05, 6.566285916814624e-05, 6.21025205075306e-05, 5.30582135811998e-05, 4.6354811395107926e-05, 4.317140766428273e-05, 4.090749667374308e-05, 3.69548371422822e-05, 3.4152118912702175e-05, 3.318212098148649e-05, 2.857670853894056e-05, 2.838843287077233e-05, 2.6182251232127012e-05, 2.4996721875359957e-05], "vl_loss": [0.20795491389434964, 0.20616553022956915, 0.14291171100872002, 0.18993426148937462, 0.13087989631214786, 0.10644643263274896, 0.18301412669557005, 0.19795887927398928, 0.19240121417722164, 0.17022715972402294, 0.15068268671940035, 0.11595099101014825, 0.13212023415550153, 0.09585175692840074, 0.09263254829357545, 0.08854167686658496, 0.08731106114302502, 0.08654569045630044, 0.08712137098326944, 0.08645283342775135, 0.08602961478684147, 0.08562239449889965, 0.0850484135450101, 0.0847181321458433, 0.08454946265934539, 0.08463687482866637, 0.08467643050576931, 0.0847700087479156, 0.08472509327727544, 0.084856530268274], "runtime_sec": 1593.099065542221}