{"tr_acc": [0.7250625670361102, 0.9124061494458349, 0.9419020378977476, 0.9581694672863783, 0.9662138005005363, 0.9733643189131213, 0.9785484447622452, 0.9858777261351448, 0.9865927779764033, 0.989095459420808], "vl_acc": [0.8727662616154396, 0.8942101501072195, 0.90421729807005, 0.9099356683345247, 0.9170836311651179, 0.9199428162973553, 0.9127948534667619, 0.9170836311651179, 0.9192280200142959, 0.9213724088634739], "tr_loss": [1.0424386093051339, 0.34835255468876225, 0.2417727316921849, 0.17975169441552516, 0.14565035107841567, 0.12100864573114464, 0.09928401809187075, 0.08703914315739103, 0.07537790313349757, 0.06688737830904326], "vl_loss": [0.47576325013434745, 0.35593252516670515, 0.3040117652949646, 0.2892407492559411, 0.27203443697557184, 0.254780929964342, 0.26458176171634773, 0.24645901928849523, 0.2524310939541197, 0.2469216609976818], "runtime_sec": 547.219845533371}