{"tr_acc": [0.5965319985698964, 0.8135502323918484, 0.8448337504469074, 0.8716481944941008, 0.8873793350017877, 0.9063282087951376, 0.9158026456918127, 0.9236682159456561, 0.9329638898820164, 0.9419020378977476], "vl_acc": [0.7598284488920658, 0.8005718370264474, 0.8027162258756254, 0.825589706933524, 0.8248749106504646, 0.82987848463188, 0.82987848463188, 0.82987848463188, 0.8348820586132952, 0.8355968548963545], "tr_loss": [2.030624267008205, 0.957705796787813, 0.6981340049418714, 0.5680505615347063, 0.4901458976266211, 0.42311694924005405, 0.3771382730519469, 0.34029166241138803, 0.30585243602735807, 0.281108503836924], "vl_loss": [1.2216375796091055, 0.8789525891389908, 0.7602375292028164, 0.6750614395986888, 0.6314670838697882, 0.6002701069943985, 0.5719916855462369, 0.5809325990376939, 0.5497349727102652, 0.5375007787417139], "runtime_sec": 568.1093454360962}