{"tr_acc": [0.5114408294601359, 0.9043618162316768, 0.9721129781909188, 0.989095459420808, 0.9958884519127637, 0.9976760815159099, 0.9969610296746514, 0.998569896317483, 0.9991061851984269, 0.9994637111190562, 0.9992849481587415, 0.9998212370396854, 0.9994637111190562, 0.9998212370396854, 0.9996424740793708, 0.9998212370396854, 0.9994637111190562, 0.9996424740793708, 0.9996424740793708, 0.9996424740793708, 1.0, 0.9996424740793708, 0.9994637111190562, 0.9983911333571684, 0.9994637111190562, 0.9994637111190562, 0.9994637111190562, 0.9994637111190562, 1.0, 1.0], "vl_acc": [0.810578984989278, 0.8827734095782702, 0.9099356683345247, 0.9170836311651179, 0.9242315939957112, 0.9263759828448892, 0.9335239456754825, 0.9263759828448892, 0.9328091493924232, 0.9370979270907791, 0.9299499642601858, 0.9299499642601858, 0.9313795568263045, 0.9335239456754825, 0.9399571122230165, 0.9406719085060757, 0.9370979270907791, 0.9399571122230165, 0.9421015010721944, 0.9370979270907791, 0.9399571122230165, 0.9428162973552537, 0.9406719085060757, 0.9378127233738385, 0.9421015010721944, 0.9428162973552537, 0.9456754824874911, 0.9442458899213724, 0.9442458899213724, 0.9456754824874911], "tr_loss": [1.8623834429019086, 0.3556977369698363, 0.13265761437376014, 0.06507798837025676, 0.03511661994226029, 0.025207640562562122, 0.020947238191306953, 0.015293814668090249, 0.012025512090305111, 0.008686191442665305, 0.007095125472538698, 0.004935871459600976, 0.005418291936096099, 0.004086234498586576, 0.0038972473724967972, 0.0040475535654344, 0.0037802937065980714, 0.003940531919375035, 0.0024185817199900697, 0.003525245071661485, 0.0023605236367408742, 0.0031439404773819244, 0.0026060913475167073, 0.005887393380821945, 0.0037662782629736733, 0.0029000734526119275, 0.0024532079912254617, 0.002475327749536491, 0.0015931472125335659, 0.0009729799387985184], "vl_loss": [0.6601775515880476, 0.383107274781388, 0.29735018713952305, 0.27216148819026137, 0.25006025057389875, 0.24371312876325832, 0.23109083827198873, 0.2425972299012565, 0.2223763576082305, 0.22503662132940988, 0.22346412201543167, 0.22306902735647854, 0.21743258033972965, 0.21048674818322732, 0.2063392992620706, 0.20358395430953738, 0.2192779139244797, 0.20187647735035635, 0.20950938744924488, 0.20023498458560127, 0.20757691756561877, 0.20839965535731209, 0.20696936040887712, 0.21526415258302506, 0.2024941161258933, 0.1953847785936329, 0.18711427321525728, 0.193751388364568, 0.1906475700781527, 0.18819934622337342], "runtime_sec": 1372.692018032074}