{"tr_acc": [0.4644261708973901, 0.7245262781551662, 0.7833392920986771, 0.8087236324633535, 0.8294601358598498, 0.8425098319628173, 0.8555595280657847, 0.8625312835180551, 0.8720057204147301, 0.876296031462281], "vl_acc": [0.6683345246604717, 0.7448177269478199, 0.773409578270193, 0.8084345961401, 0.823445318084346, 0.8198713366690493, 0.8377412437455325, 0.8391708363116511, 0.8363116511794139, 0.8491779842744818], "tr_loss": [2.767890872808708, 1.905889702601905, 1.437105300812624, 1.1785011536145065, 1.0033890851105713, 0.882495915587135, 0.7965148309958932, 0.7209363581454877, 0.6573382730478894, 0.6276419606002519], "vl_loss": [2.2394074834696815, 1.657835545243324, 1.3594772402434114, 1.1174886257329781, 0.993002375037948, 0.9169449303472272, 0.8285159699570885, 0.7870412254180117, 0.7276288815870551, 0.7025800060169283], "runtime_sec": 605.1462683677673}