{"tr_acc": [0.20933142652842332, 0.5543439399356453, 0.7681444404719342, 0.8655702538434037, 0.9150875938505542, 0.94315337861995, 0.9615659635323561, 0.9739006077940651, 0.9801573114050769, 0.9878441186986057, 0.9878441186986057, 0.9941008223096175, 0.9960672148730783, 0.9944583482302467, 0.9937432963889882, 0.9960672148730783, 0.9974973185555953, 0.9973185555952807, 0.9969610296746514, 0.9980336074365391, 0.9992849481587415, 0.9991061851984269, 0.9978548444762245, 0.9982123703968537, 0.9980336074365391, 0.9992849481587415, 0.9987486592777977, 0.9989274222381123, 0.9991061851984269, 0.9987486592777977], "vl_acc": [0.37526804860614726, 0.6854896354538956, 0.8406004288777699, 0.8827734095782702, 0.906361686919228, 0.9270907791279486, 0.9306647605432452, 0.9328091493924232, 0.9335239456754825, 0.9435310936383131, 0.9435310936383131, 0.949964260185847, 0.949964260185847, 0.9485346676197284, 0.952108649035025, 0.9513938527519656, 0.9471050750536097, 0.952108649035025, 0.9528234453180844, 0.947819871336669, 0.9578270192994996, 0.9549678341672623, 0.9549678341672623, 0.9578270192994996, 0.952108649035025, 0.9549678341672623, 0.9528234453180844, 0.956397426733381, 0.9578270192994996, 0.9506790564689064], "tr_loss": [3.2440624162901033, 2.5150091141771322, 1.3443976188498734, 0.6448201203201342, 0.37601875103836957, 0.24450403577117014, 0.1726848367317941, 0.12261919238267305, 0.09329738980175813, 0.06747672709106632, 0.05887761295326573, 0.04073913259818633, 0.03076373148292655, 0.030678283628962022, 0.028751230579233185, 0.02165072920079908, 0.017316500107901926, 0.01804216841117885, 0.0179914101398216, 0.014046453601125632, 0.009932883837668863, 0.009801057308198385, 0.012088993560918365, 0.0111598764540555, 0.008867347569690672, 0.006796136730199718, 0.006931115786252297, 0.00740750581006099, 0.0062522007859004665, 0.007556950104078908], "vl_loss": [2.969011511437973, 1.8243401691349512, 0.8280210210818576, 0.463530978341031, 0.3328019723860684, 0.26249947756251923, 0.2279018769633182, 0.20888918801194178, 0.1980707271662331, 0.1900401385587569, 0.18159314106785032, 0.17562970098073435, 0.16283339450004017, 0.1656604059136408, 0.16087764512755515, 0.16152100901174665, 0.18238339384616997, 0.16844057897272238, 0.18070553407190185, 0.17569452674901, 0.1612058325169383, 0.1687701186451467, 0.15998730786661322, 0.156237166790988, 0.16240707369357496, 0.15863147238169592, 0.16143707616828526, 0.1597991086185788, 0.1653976236643793, 0.17133071256123797], "runtime_sec": 1468.956062078476}